{
    "bucketName": "toggle-storage",
    "authPolicyName": "s3_amplify_9c1fcc9f",
    "unauthPolicyName": "s3_amplify_9c1fcc9f",
    "authRoleName": {
        "Ref": "AuthRoleName"
    },
    "unauthRoleName": {
        "Ref": "UnauthRoleName"
    },
    "selectedGuestPermissions": [
        "s3:GetObject",
        "s3:ListBucket"
    ],
    "selectedAuthenticatedPermissions": [
        "s3:PutObject",
        "s3:GetObject",
        "s3:ListBucket"
    ],
    "s3PermissionsAuthenticatedPublic": "s3:PutObject,s3:GetObject",
    "s3PublicPolicy": "Public_policy_b65ff3f5",
    "s3PermissionsAuthenticatedUploads": "s3:PutObject",
    "s3UploadsPolicy": "Uploads_policy_b65ff3f5",
    "s3PermissionsAuthenticatedProtected": "s3:PutObject,s3:GetObject",
    "s3ProtectedPolicy": "Protected_policy_b65ff3f5",
    "s3PermissionsAuthenticatedPrivate": "s3:PutObject,s3:GetObject",
    "s3PrivatePolicy": "Private_policy_b65ff3f5",
    "AuthenticatedAllowList": "ALLOW",
    "s3ReadPolicy": "read_policy_b65ff3f5",
    "s3PermissionsGuestPublic": "DISALLOW",
    "s3PermissionsGuestUploads": "DISALLOW",
    "GuestAllowList": "DISALLOW",
    "triggerFunction": "NONE"
}