{
    "Version": 5,
    "ElasticsearchWarning": true,
    "StackMapping": {
        "PostTable": "Post",
        "PostIAMRole": "Post",
        "PostDataSource": "Post",
        "GetPostResolver": "Post",
        "ListPostResolver": "Post",
        "CreatePostResolver": "Post",
        "UpdatePostResolver": "Post",
        "DeletePostResolver": "Post",
        "GetAttPostTableStreamArn": "Post",
        "GetAttPostDataSourceName": "Post",
        "GetAttPostTableName": "Post"
    },
    "ResolverConfig": {
        "project": {
            "ConflictHandler": "AUTOMERGE",
            "ConflictDetection": "VERSION"
        }
    }
}