{
  "auth": {
    "togglec5a73703": {
      "service": "Cognito",
      "providerPlugin": "awscloudformation",
      "dependsOn": [],
      "customAuth": false
    }
  },
  "storage": {
    "toggle": {
      "service": "S3",
      "providerPlugin": "awscloudformation"
    }
  },
  "api": {
    "toggle": {
      "service": "AppSync",
      "providerPlugin": "awscloudformation",
      "output": {
        "authConfig": {
          "defaultAuthentication": {
            "authenticationType": "AWS_IAM"
          },
          "additionalAuthenticationProviders": []
        }
      }
    }
  }
}